,codigo,cat,nombre,ubicacion,area_ha,interseccion_ha,interseccion_porc,lote_petrolero,empresa,pais
0,ACR10,Área de Conservación Regional,Alto Nanay- Pintuyacu Chambira,Loreto,954635.484423,644642.296092,67.52758583,"F38-19, SM33-17", ,Perú
1,RC03,Reserva Comunal,Amarakaeri,Madre de Dios,403813.819306,205228.42664,50.82253673,SM53-19, ,Perú
2,ACR01,Área de Conservación Regional,Cordillera Escalera,San Martín,149869.689812,147363.7604,98.32792781,103,"REPSOL EXPLORACION PERU, SUCURSAL DEL PERU",Perú
3,ACR06,Área de Conservación Regional,Imiria,Ucayali,135737.520284,135737.3694,99.99988884,SM 05-17, ,Perú
4,RC05,Reserva Comunal,Machiguenga,Cusco,218905.630109,125332.138857,57.25395861,"57,58,F42-19",CNPC PERU S.A.,Perú
5,BP04,Bosque de Protección,San Matias-San Carlos,Pasco,148290.961657,98256.282169,66.25911726,107108,"PLUSPETROL E&P S.A , PETROLIFERA PETROLEUM DEL PERU S.R.L",Perú
6,RC07,Reserva Comunal,Tuntanain,Amazonas,94986.613855,46148.716555,48.58444225,116,PACIFIC STRATUS ENERGY DEL PERU S.A.,Perú
7,RN14,Reserva Nacional,Pucacuro,Loreto,637953.834003,39816.122272,6.241223134,39,PERENCO PERU PETROLEUM LIMITED SUCURSAL DEL PERU,Perú
8,RC04,Reserva Comunal,Ashaninka,Junín y Cusco,184468.38292,35283.73464,19.12725318,"108,F42-19","PLUSPETROL E&P S.A. , REPSOL EXPLORATION PERÚ",Perú
9,RN08,Reserva Nacional,Pacaya-Samiria,Loreto,2170247.4513,29999.710141,1.382317492,8,PLUSPETROL NORTE S.A.,Perú
10,RC01,Reserva Comunal,Yanesha,Pasco,34340.370034,8895.782558,25.90473705,107,PETROLIFERA PETROLEUM DEL PERU S.R.L,Perú
11,ACR19,Área de Conservación Regional,Vista Alegre-Omia,Amazonas,48944.508115,2308.801038,4.717181001,LVIII,YPF E & PERU S.A.C,Perú
12,PN07,Parque Nacional,Yanachaga-Chemillén,Pasco,113732.343586,39.017752,0.03430664556,107,PETROLIFERA PETROLEUM DEL PERU S.R.L,Perú
13,PN09,Parque Nacional,Cordillera Azul,"San Martín, Loreto, Ucayali y Huánuco",1353190.84548,1.532332,0.000113238425,LXIII,REPSOL EXPLORACIÓN S.A.,Perú
14,,Reserva Forestal (Ley2a. de 1959),ÁREAS CON PREVIA DECISIÓN DE ORDENAMIENTO,GUAVIARE,2131394.44112,498335.197198,23.38071206,"CPE-8, RESERVADA ON","AGENCIA NACIONAL DE HIDROCARBUROS, TALISMAN COLOMBIA OIL & GAS LTD",Colombia
15,,Reserva Forestal (Ley2a. de 1959),A,CAQUETA,1048805.38568,330094.419121,31.47337186,"DISPONIBLE ON, SAMICHAY B, SANGRE TORO","AGENCIA NACIONAL DE HIDROCARBUROS, ECOPETROL S.A., SHONA ENERGY (COLOMBIA) LIMITEL",Colombia
16,,Reserva Forestal (Ley2a. de 1959),A,CAQUETA,285402.757743,284140.770852,99.55782246,"DISPONIBLE ON, SAMICHAY A, TACACHO","AGENCIA NACIONAL DE HIDROCARBUROS, AMERISUR EXPLORACION COLOMBIA LIMITED, ECOPETROL S.A.",Colombia
17,,Reserva Forestal (Ley2a. de 1959),A,"GUAINIA, GUAVIARE",499315.765127,216047.163256,43.26864448,CPE-8,TALISMAN COLOMBIA OIL & GAS LTD,Colombia
18,,Reserva Forestal (Ley2a. de 1959),A,CAQUETA,245125.492541,206358.787856,84.18495592,DISPONIBLE ON,AGENCIA NACIONAL DE HIDROCARBUROS,Colombia
19,,Reserva Forestal (Ley2a. de 1959),B,CAQUETA,185382.910067,185382.910054,99.99999999,"DISPONIBLE ON, RESERVADA ON","AGENCIA NACIONAL DE HIDROCARBUROS, ECOPETROL S.A.",Colombia
20,,Reserva Forestal (Ley2a. de 1959),A,CAQUETA,150827.144241,150827.144241,100.0,DISPONIBLE ON,AGENCIA NACIONAL DE HIDROCARBUROS,Colombia
21,,Reserva Forestal (Ley2a. de 1959),ÁREAS CON PREVIA DECISIÓN DE ORDENAMIENTO,"GUAINIA, GUAVIARE",13128034.078,135925.768668,1.035385556,"CPE-8, DISPONIBLE ON","TALISMAN COLOMBIA OIL & GAS LTD, AGENCIA NACIONAL DE HIDROCARBUROS",Colombia
22,,Reserva Forestal (Ley2a. de 1959),A,CAQUETA,864432.058896,106618.03995,12.33388314,DISPONIBLE ON,AGENCIA NACIONAL DE HIDROCARBUROS,Colombia
23,,Reserva Forestal (Ley2a. de 1959),ÁREAS CON PREVIA DECISIÓN DE ORDENAMIENTO,"GUAINIA, VICHADA",89100.145946,69612.038461,78.12786132,CPE-8,TALISMAN COLOMBIA OIL & GAS LTD,Colombia
24,,Reserva Forestal (Ley2a. de 1959),ÁREAS CON PREVIA DECISIÓN DE ORDENAMIENTO,CAQUETA,64376.469921,62290.832553,96.76024894,DISPONIBLE ON,AGENCIA NACIONAL DE HIDROCARBUROS,Colombia
25,,Reserva Forestal (Ley2a. de 1959),B,"CAQUETA, PUTUMAYO",75396.809808,55698.914324,73.8743648,"DISPONIBLE ON, TACACHO",AMERISUR EXPLORACION COLOMBIA LIMITED,Colombia
26,,Reserva Forestal (Ley2a. de 1959),B,"GUAVIARE, META",55210.291557,55210.291557,100.0,RESERVADA ON,AGENCIA NACIONAL DE HIDROCARBUROS,Colombia
27,,Reserva Forestal (Ley2a. de 1959),A,CAQUETA,47744.982771,47744.87551,99.99977535,DISPONIBLE ON,AGENCIA NACIONAL DE HIDROCARBUROS,Colombia
28,,Reserva Forestal (Ley2a. de 1959),A,"GUAVIARE, META",47393.252967,47393.252967,100.0,RESERVADA ON,AGENCIA NACIONAL DE HIDROCARBUROS,Colombia
29,,Reserva Forestal (Ley2a. de 1959),A,"GUAVIARE, META",39759.609668,39759.609668,100.0,RESERVADA ON,AGENCIA NACIONAL DE HIDROCARBUROS,Colombia
30,,Reserva Forestal (Ley2a. de 1959),B,CAQUETA,38794.443706,38794.443709,100.0,SAMICHAY B,ECOPETROL S.A.,Colombia
31,,Reserva Forestal (Ley2a. de 1959),B,CAQUETA,32500.056397,32500.053227,99.99999025,"CAH 5, NOGAL",EMERALD ENERGY PLC,Colombia
32,,Reserva Forestal (Ley2a. de 1959),B,CAQUETA,29217.830977,29217.830978,100.0,"CAG 5, TACACHO","EMERALD ENERGY PLC, AMERISUR EXPLORACION COLOMBIA LIMITED",Colombia
33,,Reserva Forestal (Ley2a. de 1959),B,CAQUETA,40260.621503,25966.248754,64.49539968,DISPONIBLE ON,AGENCIA NACIONAL DE HIDROCARBUROS,Colombia
34,,Reserva Forestal (Ley2a. de 1959),A,CAQUETA,82565.01674,24875.707886,30.12862937,DISPONIBLE ON,"AGENCIA NACIONAL DE HIDROCARBUROS, EMERALD ENERGY PLC",Colombia
35,,Reserva Forestal (Ley2a. de 1959),B,"GUAVIARE, META",74809.776296,22496.549917,30.07167115,DISPONIBLE ON,AGENCIA NACIONAL DE HIDROCARBUROS,Colombia
36,,Reserva Forestal (Ley2a. de 1959),B,CAQUETA,82336.645758,20232.483936,24.57287852,"DISPONIBLE ON, RESERVADA ON",AGENCIA NACIONAL DE HIDROCARBUROS,Colombia
37,,Reserva Forestal (Ley2a. de 1959),ÁREAS CON PREVIA DECISIÓN DE ORDENAMIENTO,"GUAINIA, VICHADA",20823.496534,17606.04238,84.54892458,CPE-8,TALISMAN COLOMBIA OIL & GAS LTD,Colombia
38,,Reserva Forestal (Ley2a. de 1959),A,"GUAINIA, VICHADA",16096.361315,16096.361315,100.0,DISPONIBLE ON,AGENCIA NACIONAL DE HIDROCARBUROS,Colombia
39,,Reserva Forestal (Ley2a. de 1959),B,CAQUETA,16082.264415,16082.262271,99.99998667,"CAG 5, NOGAL",EMERALD ENERGY PLC,Colombia
40,,Reserva Forestal (Ley2a. de 1959),B,PUTUMAYO,16059.894781,16059.894785,100.0,"AREA SUR, DISPONIBLE ON, ORITO, RESERVADA ON","AGENCIA NACIONAL DE HIDROCARBUROS, ECOPETROL S.A.",Colombia
41,,Reserva Forestal (Ley2a. de 1959),B,CAQUETA,15654.775253,15654.775253,100.0,"DISPONIBLE ON, NOGAL","AGENCIA NACIONAL DE HIDROCARBUROS, EMERALD ENERGY PLC",Colombia
42,,Reserva Forestal (Ley2a. de 1959),B,CAQUETA,13631.547499,13631.547033,99.99999658,"CAG 5, TACACHO","EMERALD ENERGY PLC, AMERISUR EXPLORACION COLOMBIA LIMITED",Colombia
43,,Reserva Forestal (Ley2a. de 1959),ÁREAS CON PREVIA DECISIÓN DE ORDENAMIENTO,"GUAINIA, GUAVIARE, VICHADA",14967.969319,12808.223082,85.57088012,CPE-8,TALISMAN COLOMBIA OIL & GAS LTD,Colombia
44,,Reserva Forestal (Ley2a. de 1959),ÁREAS CON PREVIA DECISIÓN DE ORDENAMIENTO,CAQUETA,35631.237123,11750.634304,32.97846287,VSM 32,EMERALD ENERGY PLC,Colombia
45,,Reserva Forestal (Ley2a. de 1959),A,CAQUETA,24800.751867,11487.867614,46.32064252,"DISPONIBLE ON, RESERVADA ON",AGENCIA NACIONAL DE HIDROCARBUROS,Colombia
46,,Reserva Forestal (Ley2a. de 1959),B,CAQUETA,9410.284145,9410.284145,100.0,"DISPONIBLE ON, NOGAL",AGENCIA NACIONAL DE HIDROCARBUROS,Colombia
47,,Reserva Forestal (Ley2a. de 1959),A,CAQUETA,8507.638921,8507.638921,100.0,"DISPONIBLE ON, RESERVADA ON",AGENCIA NACIONAL DE HIDROCARBUROS,Colombia
48,,Reserva Forestal (Ley2a. de 1959),ÁREAS CON PREVIA DECISIÓN DE ORDENAMIENTO,GUAVIARE,8453.213623,8453.213623,100.0,RESERVADA ON,AGENCIA NACIONAL DE HIDROCARBUROS,Colombia
49,,Reserva Forestal (Ley2a. de 1959),ÁREAS CON PREVIA DECISIÓN DE ORDENAMIENTO,CAQUETA,8320.210291,8320.210291,100.0,TACACHO,AMERISUR EXPLORACION COLOMBIA LIMITED,Colombia
50,,Reserva Forestal (Ley2a. de 1959),B,CAQUETA,7235.629209,7235.629209,100.0,"DISPONIBLE ON, RESERVADA ON",AGENCIA NACIONAL DE HIDROCARBUROS,Colombia
51,,Reserva Forestal (Ley2a. de 1959),ÁREAS CON PREVIA DECISIÓN DE ORDENAMIENTO,CAQUETA,16876.569556,6497.399032,38.49952451,DISPONIBLE ON,AGENCIA NACIONAL DE HIDROCARBUROS,Colombia
52,,Reserva Forestal (Ley2a. de 1959),B,"GUAINIA, VICHADA",6360.414861,6360.414861,100.0,CPE-8,TALISMAN COLOMBIA OIL & GAS LTD,Colombia
53,,Reserva Forestal (Ley2a. de 1959),B,CAQUETA,22363.561549,5820.332498,26.02596409,RESERVADA ON,AGENCIA NACIONAL DE HIDROCARBUROS,Colombia
54,,Reserva Forestal (Ley2a. de 1959),A,"GUAVIARE, META",5701.297341,5701.297341,100.0,RESERVADA ON,AGENCIA NACIONAL DE HIDROCARBUROS,Colombia
55,,Reserva Forestal (Ley2a. de 1959),A,CAQUETA,4871.177849,4871.177849,100.0,"DISPONIBLE ON, RESERVADA ON",AGENCIA NACIONAL DE HIDROCARBUROS,Colombia
56,,Reserva Forestal (Ley2a. de 1959),ÁREAS CON PREVIA DECISIÓN DE ORDENAMIENTO,CAQUETA,3858.451892,3858.451892,100.0,SAMICHAY A,ECOPETROL S.A.,Colombia
57,,Reserva Forestal (Ley2a. de 1959),ÁREAS CON PREVIA DECISIÓN DE ORDENAMIENTO,"GUAINIA, VICHADA",3333.012054,3333.012054,100.0,CPE-8,TALISMAN COLOMBIA OIL & GAS LTD,Colombia
58,,Reserva Forestal (Ley2a. de 1959),ÁREAS CON PREVIA DECISIÓN DE ORDENAMIENTO,"GUAINIA, VICHADA",2477.860797,2477.860797,100.0,DISPONIBLE ON,AGENCIA NACIONAL DE HIDROCARBUROS,Colombia
59,,Reserva Forestal (Ley2a. de 1959),B,CAQUETA,62178.977983,2286.920981,3.677964893,RESERVADA ON,AGENCIA NACIONAL DE HIDROCARBUROS,Colombia
60,,Reserva Forestal (Ley2a. de 1959),B,"META, CAQUETA",2232.139762,2232.139762,100.0,RESERVADA ON,AGENCIA NACIONAL DE HIDROCARBUROS,Colombia
61,,Reserva Forestal (Ley2a. de 1959),ÁREAS CON PREVIA DECISIÓN DE ORDENAMIENTO,"CAQUETA, PUTUMAYO",6868811.99472,2092.021196,0.03045681258,"DISPONIBLE ON, TACACHO","AMERISUR EXPLORACION COLOMBIA LIMITED, AGENCIA NACIONAL DE HIDROCARBUROS",Colombia
62,,Reserva Forestal (Ley2a. de 1959),ÁREAS CON PREVIA DECISIÓN DE ORDENAMIENTO,"GUAINIA, VICHADA",2060.980816,2060.980816,100.0,CPE-8,TALISMAN COLOMBIA OIL & GAS LTD,Colombia
63,,Reserva Forestal (Ley2a. de 1959),ÁREAS CON PREVIA DECISIÓN DE ORDENAMIENTO,"GUAINIA, VICHADA",1834.172752,1834.172752,100.0,CPE-8,TALISMAN COLOMBIA OIL & GAS LTD,Colombia
64,,Parque Nacional Natural,La Paya,PUTUMAYO,439595.316313,1787.473482,0.4066179542,TERECAY,AMERISUR EXPLORACION COLOMBIA LIMITED,Colombia
65,,Reserva Forestal (Ley2a. de 1959),ÁREAS CON PREVIA DECISIÓN DE ORDENAMIENTO,GUAVIARE,1703.755639,1703.755639,100.0,RESERVADA ON,AGENCIA NACIONAL DE HIDROCARBUROS,Colombia
66,,Reserva Forestal (Ley2a. de 1959),B,CAQUETA,6416.978367,1696.028565,26.4303301,DISPONIBLE ON,AGENCIA NACIONAL DE HIDROCARBUROS,Colombia
67,,Reserva Forestal (Ley2a. de 1959),ÁREAS CON PREVIA DECISIÓN DE ORDENAMIENTO,CAQUETA,1675.262553,1675.262553,100.0,SAMICHAY A,ECOPETROL S.A.,Colombia
68,,Reserva Forestal (Ley2a. de 1959),A,CAQUETA,12192.605242,1636.550748,13.42248613,DISPONIBLE ON,AGENCIA NACIONAL DE HIDROCARBUROS,Colombia
69,,Reserva Forestal (Ley2a. de 1959),A,"GUAINIA, VICHADA",1556.664244,1556.664244,100.0,DISPONIBLE ON,AGENCIA NACIONAL DE HIDROCARBUROS,Colombia
70,,Reserva Forestal (Ley2a. de 1959),B,GUAINIA,4455.087589,1487.721768,33.39377146,CPE-8,TALISMAN COLOMBIA OIL & GAS LTD,Colombia
71,,Reserva Forestal (Ley2a. de 1959),B,PUTUMAYO,1349.410983,1349.410983,100.0,DISPONIBLE ON,AGENCIA NACIONAL DE HIDROCARBUROS,Colombia
72,,Reserva Forestal (Ley2a. de 1959),B,"GUAINIA, VICHADA",1202.173099,1202.173099,100.0,CPE-8,TALISMAN COLOMBIA OIL & GAS LTD,Colombia
73,,Parque Nacional Natural,Sumapaz,META,152830.357169,1175.383331,0.7690771341,CPO 9,ECOPETROL S.A.,Colombia
74,,Reserva Forestal (Ley2a. de 1959),B,PUTUMAYO,841.212178,841.212178,100.0,PUT 1,GRAN TIERRA ENERGY COLOMBIA LLC,Colombia
75,,Reserva Forestal (Ley2a. de 1959),B,"GUAINIA, VICHADA",763.585877,763.585877,100.0,CPE-8,TALISMAN COLOMBIA OIL & GAS LTD,Colombia
76,,Reserva Forestal (Ley2a. de 1959),B,CAQUETA,698.308112,698.308112,100.0,RESERVADA ON, AGENCIA NACIONAL DE HIDROCARBUROS,Colombia
77,,Parque Nacional Natural,Cordillera de los Picachos,META,287267.407514,627.237079,0.2183460645,TINIGUA,GRAN TIERRA COLOMBIA INC,Colombia
78,,Reserva Forestal (Ley2a. de 1959),ÁREAS CON PREVIA DECISIÓN DE ORDENAMIENTO,CAQUETA,603.67475,603.67475,100.0,DISPONIBLE ON,AGENCIA NACIONAL DE HIDROCARBUROS,Colombia
79,,Reserva Forestal (Ley2a. de 1959),A,CAQUETA,581.692886,581.692886,100.0,RESERVADA ON,AGENCIA NACIONAL DE HIDROCARBUROS,Colombia
80,,Reserva Forestal (Ley2a. de 1959),B,VICHADA,525.415782,525.415782,100.0,CPE-8,TALISMAN COLOMBIA OIL & GAS LTD,Colombia
81,,Reserva Forestal (Ley2a. de 1959),B,PUTUMAYO,473.69687,473.69687,100.0,PUT 1,GRAN TIERRA ENERGY COLOMBIA LLC,Colombia
82,,Reserva Forestal (Ley2a. de 1959),ÁREAS CON PREVIA DECISIÓN DE ORDENAMIENTO,CAQUETA,440.902762,440.902762,100.0,CAG 5,EMERALD ENERGY PLC,Colombia
83,,Reserva Forestal (Ley2a. de 1959),A,VICHADA,400.464926,400.464926,100.0,CPE-8,TALISMAN COLOMBIA OIL & GAS LTD,Colombia
84,,Reserva Forestal (Ley2a. de 1959),A,CAQUETA,22916.693423,333.463359,1.45511114,DISPONIBLE ON,AGENCIA NACIONAL DE HIDROCARBUROS,Colombia
85,,Reserva Forestal (Ley2a. de 1959),ÁREAS CON PREVIA DECISIÓN DE ORDENAMIENTO,GUAVIARE,317.456702,317.456702,100.0,RESERVADA ON,AGENCIA NACIONAL DE HIDROCARBUROS,Colombia
86,,Reserva Forestal (Ley2a. de 1959),B,PUTUMAYO,280.968357,280.968357,100.0,PUT 1,GRAN TIERRA ENERGY COLOMBIA LLC,Colombia
87,,Reserva Forestal (Ley2a. de 1959),B,CAQUETA,228.035238,228.035238,100.0,"DISPONIBLE ON, LOS PICACHOS, RESERVADA ON","AGENCIA NACIONAL DE HIDROCARBUROS, HUPECOL OPERATING CO LLC",Colombia
88,,Parque Nacional Natural,Sierra de la Macarena,META,620414.976478,204.559221,0.03297135446,CPO 16,HOCOL S.A.,Colombia
89,,Reserva Forestal (Ley2a. de 1959),ÁREAS CON PREVIA DECISIÓN DE ORDENAMIENTO,"GUAINIA, VICHADA",200.844346,200.844346,100.0,CPE-8,TALISMAN COLOMBIA OIL & GAS LTD,Colombia
90,,Reserva Forestal (Ley2a. de 1959),A,VICHADA,173.679258,173.679258,100.0,CPE-8,TALISMAN COLOMBIA OIL & GAS LTD,Colombia
91,,Reserva Forestal (Ley2a. de 1959),B,CAQUETA,151.90256,151.90256,100.0,DISPONIBLE ON,AGENCIA NACIONAL DE HIDROCARBUROS,Colombia
92,,Reserva Forestal (Ley2a. de 1959),B,PUTUMAYO,12292.745401,133.643345,1.08717248,PUT 14,AMERISUR EXPLORACION COLOMBIA LIMITED,Colombia
93,,Reserva Forestal (Ley2a. de 1959),B,PUTUMAYO,113.104868,113.104868,100.0,PUT 1,GRAN TIERRA ENERGY COLOMBIA LLC,Colombia
94,,Reserva Forestal (Ley2a. de 1959),ÁREAS CON PREVIA DECISIÓN DE ORDENAMIENTO,GUAVIARE,58.649948,58.649948,100.0,RESERVADA ON,AGENCIA NACIONAL DE HIDROCARBUROS,Colombia
95,,Reserva Forestal (Ley2a. de 1959),B,PUTUMAYO,55.538006,55.538006,100.0,PUT 1,GRAN TIERRA ENERGY COLOMBIA LLC,Colombia
96,,Reserva Forestal (Ley2a. de 1959),B,PUTUMAYO,54.051316,54.051316,100.0,PUT 1,GRAN TIERRA ENERGY COLOMBIA LLC,Colombia
97,,Reserva Forestal (Ley2a. de 1959),B,PUTUMAYO,39.269202,39.269202,100.0,DISPONIBLE ON,AGENCIA NACIONAL DE HIDROCARBUROS,Colombia
98,,Reserva Forestal (Ley2a. de 1959),ÁREAS CON PREVIA DECISIÓN DE ORDENAMIENTO,CAQUETA,35.52043,35.52043,100.0,NOGAL,EMERALD ENERGY PLC,Colombia
99,,Reserva Forestal (Ley2a. de 1959),ÁREAS CON PREVIA DECISIÓN DE ORDENAMIENTO,GUAVIARE,31.015767,31.015767,100.0,RESERVADA ON,AGENCIA NACIONAL DE HIDROCARBUROS,Colombia
100,,Reserva Forestal (Ley2a. de 1959),B,PUTUMAYO,28.375481,28.375481,100.0,ORITO,ECOPETROL S.A.,Colombia
101,,Reserva Forestal (Ley2a. de 1959),ÁREAS CON PREVIA DECISIÓN DE ORDENAMIENTO,GUAVIARE,26.074536,26.074536,100.0,RESERVADA ON,AGENCIA NACIONAL DE HIDROCARBUROS,Colombia
102,,Reserva Forestal (Ley2a. de 1959),B,PUTUMAYO,14.442324,14.442324,100.0,PUT 1,GRAN TIERRA ENERGY COLOMBIA LLC,Colombia
103,,Reserva Forestal (Ley2a. de 1959),B,CAQUETA,13.356613,13.356613,100.0,CAG 5,EMERALD ENERGY PLC,Colombia
104,,Reserva Forestal (Ley2a. de 1959),B,PUTUMAYO,8.906473,8.906473,100.0,PUT 1,GRAN TIERRA ENERGY COLOMBIA LLC,Colombia
105,,Reserva Forestal (Ley2a. de 1959),B,CAQUETA,7.702732,7.702732,100.0,DISPONIBLE ON,AGENCIA NACIONAL DE HIDROCARBUROS,Colombia
106,,Reserva Forestal (Ley2a. de 1959),ÁREAS CON PREVIA DECISIÓN DE ORDENAMIENTO,CAQUETA,4.127648,4.127648,100.0,DISPONIBLE ON,AGENCIA NACIONAL DE HIDROCARBUROS,Colombia
107,,Reserva Forestal (Ley2a. de 1959),ÁREAS CON PREVIA DECISIÓN DE ORDENAMIENTO,CAQUETA,2.936579,2.936579,100.0,DISPONIBLE ON,AGENCIA NACIONAL DE HIDROCARBUROS,Colombia
108,,Reserva Forestal (Ley2a. de 1959),A,CAQUETA,2.244705,2.244705,100.0,DISPONIBLE ON,AGENCIA NACIONAL DE HIDROCARBUROS,Colombia
109,,Reserva Forestal (Ley2a. de 1959),B,CAQUETA,1.587409,1.587409,100.0,RESERVADA ON,AGENCIA NACIONAL DE HIDROCARBUROS,Colombia
110,,Parque Nacional,Madidi,LA PAZ,1271909.06392,713669.350261,56.11009234,"MADIDI, RÍO HONDO, TUICHI NORTE","PETROBRAS BOLIVIA S.A., REPSOL YPF E&P, YPFB",Bolivia
111,,Área Protegida Municipal,Rhukanrhuka (Santos Reyes),BENI,904654.975085,526341.348394,58.18144629,"BELLAVISTA, RÍO BENI, SANTA ROSA",YPFB,Bolivia
112,,Area Natural de Manejo Integrado,Madidi,LA PAZ,607923.186897,479929.564972,78.94575751,"MADIDI, RÍO HONOD, TUICHI NORTE, TUICHI SUR","PETROBRAS BOLIVIA S.A., REPSOL YPF E&P, YPFB",Bolivia
113,,Parque Nacional y Territorio Indigena,Isiboro Securé,"BENI, COCHABAMBA",1302760.43165,401211.662742,30.79704088,"SÉCURE 19S, SÉCURE 20S, RÍO HONDO","PETROBRAS BOLIVIA S.A., YPFB",Bolivia
114,,Área Protegida Municipal,Pampas del Río Yacuma,BENI,598151.858502,367940.817939,61.51294403,SANTA ROSA,YPFB,Bolivia
115,,Reserva de la Biósfera y Territorio Indígena,Pilón Lajas,"BENI, LA PAZ",387653.009021,332021.31702,85.64910095,"RÍO HONDO, TUICHI SUR",REPSOL YPF E&P,Bolivia
116,,Área Natural de Manejo Integrado (ANMI),Humedales del Norte,SANTA CRUZ,490051.196301,301287.558123,61.4808331,"MADRE SELVA, SAN IGNACIO",YPFB,Bolivia
117,,Área Protegida Municipal,Cabeceras del río Maniqui,BENI,281314.450426,275693.596495,98.00193203,"RÍO HONDO, SÉCURE 19S","PETROBRAS BOLIVIA S.A., YPFB",Bolivia
118,,Área Natural de Conservación y Manejo,Eva Eva Mosetenes,BENI,240457.929862,239830.041401,99.73887804,SÉCURE 19S,YPFB,Bolivia
119,,Reserva Nacional Amazónica,Manuripi Heath,PANDO,745660.155571,227304.030991,30.48359622,MADRE DE DIOS,YPFB,Bolivia
120,,ANMI Reserva Departamental,Río Grande y Valles Cruceños,SANTA CRUZ,734082.492232,155413.719896,21.17115195,"ABAPÓ, AZERO, CAROHUAICHO 8A, TATARENDA","MATPETROL, TOTAL E&P BOLIVIE, YPFB, YPF S.A.",Bolivia
121,,Área Natural de Manejo Integrado (ANMI),Gran Mojos,BENI,535183.530823,154218.436568,28.81599072,SAN IGNACIO,YPFB,Bolivia
122,,Refugio de Vida Silvestre,El Dorado,LA PAZ,170936.136589,146397.31295,85.64444937,"BELLAVISTA, ENERO",YPFB,Bolivia
123,,Área Natural de Manejo Integrado (ANMI),Grandes Lagos Tectónicos de Exaltación,BENI,826435.832529,143408.274131,17.35262055,"BELLAVISTA, AUSTRALIA 20S",YPFB,Bolivia
124,,Parque Nacional,Amboró,SANTA CRUZ,438438.291587,91856.100174,20.95074767,AMBORÓ - ESPEJOS NORTE,YPFB ANDINA S.A,Bolivia
125,,Área Modelo de Manejo Integral,Bosque de Santa Rosa del Abuná (AMI Santa Rosa),PANDO,170845.944377,55101.352952,32.25206964,PUERTO RICO,YPFB,Bolivia
126,,Parque Nacional,Carrasco,COCHABAMBA,691974.815562,49517.566325,7.15597811,"BULO BULO, CHIMORÉ I, ISARSAMA, IVIRZA, SAN MIGUEL","YPFB, YPFB CHACO S.A.",Bolivia
127,,Parque Regional,Yacuma,BENI,221698.057058,48979.894325,22.09306431,SAN IGNACIO,YPFB,Bolivia
128,,Área Natural Municipal de Manejo Integrado,Chiquitos,SANTA CRUZ,598136.717744,44367.890268,7.417683776,SAN JOSÉ DE CHIQUITOS,YPFB,Bolivia
129,,Área Protegida Municipal,Reserva Municipal Turistica de Ixiamas,LA PAZ,49018.669983,32846.172644,67.0074742,"MADIDI, SAN FELIPE",YPFB,Bolivia
130,,Reserva Silvestre de los Río Tahuamanu y Orthon,Reserva Silvestre de los Río Tahuamanu y Orthon,PANDO,52325.412291,26991.599248,51.58411194,"COBIJA, PUERTO RICO",YPFB,Bolivia
131,,Area Natural de Manejo Integrado,Amboró,SANTA CRUZ,159806.566542,26946.483356,16.86193749,AMBORÓ - ESPEJOS NORTE,YPFB ANDINA S.A,Bolivia
132,,Área Protegida Municipal,Parabanó,SANTA CRUZ,37504.427879,23428.187965,62.46779191,AMBORÓ -  ESPEJOS NORTE,YPFB ANDINA S.A.,Bolivia
133,,Parque Regional,Lomas de Arena,SANTA CRUZ,14075.968822,13496.277807,95.88169722,LA GUARDIA,YPFB,Bolivia
134,,Área Protegida Municipal,Laguna Concepción,SANTA CRUZ,129999.080804,2099.312785,1.614867407,SAN JOSÉ DE CHIQUITOS,YPFB,Bolivia
135,,Monumento Natural,Espejillos,SANTA CRUZ,1257.599657,1257.599657,100.0,AMBORÓ -  ESPEJOS NORTE,YPFB S.A.,Bolivia
136,,Parque Nacional,Yasuní,ORELLANA,1022598.52872,467185.014418,45.68606362,"APAIKA-NENKE, ITT, IRO, NANTU, TIVACUNO","PETROAMAZONAS EP, PETROORIENTAL S.A. , REPSOL ECUADOR S.A.",Ecuador
137,,Bosque Protector,CORDILLERA KUTUKU Y SHAIMI,MORONA SANTIAGO,341950.724758,314064.060827,91.8448297,"BLOQUE 71, BLOQUE 72, BLOQUE 73",SECRETARIA DE HIDROCARBUROS,Ecuador
138,,Reserva de Producción de Fauna,Cuyabeno,SUCUMBIOS,588613.015476,130608.885511,22.18926223,"CUYABENO-TIPISHCA, EDEN-YUTURI, TARAPOA","ANDES PETROLEUM ECUADOR LTD, PETROAMAZONAS EP",Ecuador
139,,Bosque Protector,CUEMBI,SUCUMBIOS,102856.982462,102856.980323,99.99999792,"CUYABENO-TIPISHCA, VINITA",PETROAMAZONAS EP,Ecuador
140,,Bosque Protector,CERRO SUMACO Y CUENCA ALTA DEL RIO SUNO,"NAPO, ORELLANA",98673.262997,84551.71095,85.68857295,"BLOQUE 29, PUNGARAYACU",SECRETARIA DE HIDROCARBUROS,Ecuador
141,,Bosque Protector,PANACOCHA,SUCUMBIOS,53389.496156,53389.496156,100.0,EDEN-YUTURI,PETROAMAZONAS EP,Ecuador
142,,Reserva Ecológica,Cofán Bermejo,SUCUMBIOS,52901.591232,47518.908112,89.82510168,"BERMEJO, LUMBAQUI","PETROAMAZONAS EP, TECPECUADOR S.A.",Ecuador
143,,Bosque Protector,RIO AGUARICO,ORELLANA,47736.579543,38051.063487,79.71049424,ITT,PETROAMAZONAS EP,Ecuador
144,,Bosque Protector,EL BERMEJO,SUCUMBIOS,10858.967112,10858.967112,100.0,BERMEJO,TECPECUADOR S.A.,Ecuador
145,,Parque Nacional,Sumaco Napo-Galeras,"NAPO, ORELLANA",205823.919649,5662.172098,2.750978656,"LUMBAQUI, PALO AZUL",PETROAMAZONAS EP,Ecuador
146,,Reserva Biológica,Limoncocha,SUCUMBIOS,3673.378983,3673.378983,100.0,INDILLANA,PETROAMAZONAS EP,Ecuador
147,,Bosque Protector,CEPLOA,PASTAZA,3322.647881,3322.647881,100.0,VILLANO,AGIP OIL ECUADOR B.V.,Ecuador
148,,Bosque Protector,TSURAKU O ARUTAM,PASTAZA,2759.713031,2759.713031,100.0,BLOQUE 70,SECRETARIA DE HIDROCARBUROS,Ecuador
149,,Bosque Protector,LA CASCADA,NAPO,26332.899705,1823.013835,6.922951348,LUMBAQUI,PETROAMAZONAS EP,Ecuador
150,,Bosque Protector,HABITAGUA,PASTAZA,4422.549707,1780.430945,40.25801999,MIRADOR,CONSORCIO BLOQUE 28,Ecuador
151,,Bosque Protector,"CUENCAS DE LOS RIOS COLONSO, TENA, SHITI",NAPO,2014.086713,1780.34348,88.39457946,PUNGARAYACU,SECRETARIA DE HIDROCARBUROS,Ecuador
152,,Bosque Protector,SACHA LODGE,SUCUMBIOS,1466.771753,1466.771753,100.0,INDILLANA,PETROAMAZONAS EP,Ecuador
153,,Bosque Protector,PARTE MEDIA Y ALTA DEL RIO TIGRE,SUCUMBIOS,5357.051911,1065.810574,19.89546847,LUMBAQUI,PETROAMAZONAS EP,Ecuador
154,,Bosque Protector,ESTACION CIENTIFICA PAYAMINO,ORELLANA,1030.372416,1030.372416,100.0,"COCA-PAYAMINO, PBHI","ENAP SIPETROL S.A., PETROAMAZONAS EP",Ecuador
155,,Bosque Protector,MORAVIA,PASTAZA,603.986117,603.986117,100.0,MIRADOR,CONSORCIO BLOQUE 28,Ecuador
156,,Bosque Protector,JAWA JEE,PASTAZA,544.67034,544.67034,100.0,MIRADOR,CONSORCIO BLOQUE 28,Ecuador
157,,Bosque Protector,SELVA VIVA,NAPO,522.634743,522.634743,100.0,"BLOQUE 29, YURALPA","PETROAMAZONAS EP, SECRETARIA HIDROCARBUROS",Ecuador
158,,Bosque Protector,MONDANA,NAPO,370.552488,370.552488,100.0,YURALPA,PETROAMAZONAS EP,Ecuador
159,,Bosque Protector,YACUMA,NAPO,261.81723,261.81723,100.0,YURALPA,PETROAMAZONAS EP,Ecuador
160,,Bosque Protector,VENECIA,NAPO,168.369354,168.369354,100.0,BLOQUE 29,SECRETARIA DE HIDROCARBUROS,Ecuador
161,,Bosque Protector,ESTACION CIENTIFICA SAN CARLOS,ORELLANA,109.018863,109.018863,100.0,SASHA,PETROAMAZONAS EP,Ecuador
162,,Parque Nacional,Cayambe Coca,SUCUMBIOS,408031.097526,75.669063,0.01854492549,BERMEJO,TECPECUADOR S.A.,Ecuador
